FirstNm,LastNm,NRIC,Username,Password,Acc_Status,Role,DOB,Race,Rel,POB,Email,HomeAdd,Gender,Marital,Hp,BankNm,AccNum,EPF,TIN,Fm_Nm,Fm_NRIC,Relation,Fm_hp,Work_exp,DateJoined,DateResigned,CurrentPosition,Department,MonthlyGrossSalary,AnnualLeave,MedLeave,MaternityLeave,UnpaidLeave,NewPosition,EffectiveDate,HistoryofPositionChange,SalaryIncrement,SalaryIncrementHistory
John,Doe,910101028901,john.doe,P@ssw0rd,Unlocked,Human Resource Officer,1991-01-01,Chinese,Buddhist,Kuala Lumpur,johndoe@gmail.com,123 Jalan Bukit Bintang,Male,Single,012-3456789,Maybank,12345678,23456789,910101028901,Jane Doe,880505065432,Mother,011-22334455,3 years in Customer Service,2019-05-01,,Employee,Sales,3000,,,,,,,,,
Wei,Ming,880505055567,wming,W3!M1NG88,Unlocked,Department Manager,1988-05-05,Chinese,Taoist,Penang,weiming@yahoo.com,234 Jalan Sultan Ahmad Shah,Male,Married,014-6789012,Maybank,56789012,34567890,880505055567,Wang Li,900606037890,Wife,017-8765432,6 years in HR Management,2015-04-10,,Department Manager,Human Resources,4200,,,,,,,,,
Fahmi,Zul,920101123456,fahmi.zul,F@hm!9201,Locked,Payroll Officer,1992-01-01,Malay,Muslim,Kuala Terengganu,fahmizul@hotmail.com,78 Jalan Sultan Ismail,Male,Single,017-8901234,RHB,78901234,34567890,920101123456,Fahmi Ali,860202056789,Father,012-3456789,4 years in Call Center,2018-10-01,,Payroll Officer,Payroll,2800,,,,,,,,,
Nur,Azizah,890707055567,nur.azizah,Nur@zIz@H,Unlocked,Employee,1989-07-07,Malay,Muslim,Kota Bharu,nurazizah@gmail.com,45 Jalan Sultan Yahya Petra,Female,Married,014-6789012,CIMB,89012345,45678901,890707055567,Hasan Bakar,860606056789,Husband,019-8765432,10 years in Team Management,2011-08-15,,Senior Employee,Operations,6000,,,,,,,,,
Ravi,Krishna,900808076789,ravi.krishna,R@V!90kRsN,Locked,System Administrator,1990-08-08,Indian,Hindu,Georgetown,ravikrishna@gmail.com,45 Jalan Macalister,Male,Single,017-1234567,Maybank,34567890,56789012,900808076789,Sita Krishna,860101128901,Wife,014-6789012,5 years in Recruitment,2016-07-11,,System Administrator,IT,3500,,,,,,,,,
Kelly,Ong,950303028901,kelly.ong,K3LLyO95,Unlocked,Employee,1995-03-03,Chinese,Christian,Kota Bharu,kelly@yahoo.com,67 Jalan Hujung,Female,Single,017-6543210,Public Bank,12345678,67890123,950303028901,Ong Mei,900606037890,Father,014-6789012,3 years in IT Support,2020-03-12,,Junior Employee,IT Support,3600,,,,,,,,,
Nadia,Bakar,940909128901,nadia.bakar,N@DiA94,Unlocked,Payroll Officer,1994-09-09,Malay,Muslim,Seremban,nadia_bakar@gmail.com,34 Jalan Dato Bandar Tunggal,Female,Single,017-8901234,CIMB,67890123,78901234,940909128901,Salleh Aziz,870404105678,Husband,019-8765432,4 years in Customer Support,2018-06-30,,Payroll Officer,Customer Service,2900,,,,,,,,,
Aisha,Bakar,850808144567,aisha.bakar,A!Sh@85,Unlocked,Human Resource Officer,1985-08-08,Malay,Muslim,Klang,aisha_bakar@gmail.com,89 Jalan Kapar,Female,Married,019-8765432,Public Bank,56789012,67890123,850808144567,Abdul Bakar,910808076789,Husband,019-1234567,8 years in Payroll Administration,2014-09-01,,HR Officer,Finance,3200,,,,,,,,,
Arif,Ismail,910505034567,arif.ismail,AriF@91,Locked,System Administrator,1991-05-05,Malay,Muslim,Johor Bahru,arifismail@gmail.com,12 Jalan Kebun Teh,Male,Single,017-6543210,Maybank,12345678,67890123,910505034567,Azizah Ismail,850808144567,Mother,014-5678901,6 years in Network Management,2017-03-15,,System Administrator,IT,3500,,,,,,,,,
Siti,Azizah,920707059001,siti.azizah,S!ti92,Unlocked,Payroll Officer,1992-07-07,Malay,Muslim,Melaka,siti_azizah@gmail.com,21 Jalan Lintas,Female,Married,019-2345678,CIMB,89012345,67890123,920707059001,Salleh Aziz,870404105678,Husband,019-8765432,5 years in Operations Management,2018-06-01,,Payroll Officer,HR,5000,,,,,,,,,
Rina,Yusuf,940909148901,rina.yusuf,R1n@94,Unlocked,Junior Employee,1994-09-09,Malay,Muslim,Melaka,rinayusuf@gmail.com,65 Jalan Melaka Raya,Female,Single,014-5678901,Public Bank,67890123,23456789,940909148901,Ali Yusuf,910707055567,Father,012-3456789,7 years in Support Services,2016-02-20,,Junior Employee,Customer Service,2700,,,,,,,,,
Hassan,Bin,910707123456,hassan.bin,H@s1,Locked,Employee,1991-07-07,Malay,Muslim,Johor Bahru,hassan.bin@gmail.com,89 Jalan Kebun, Male,Married,017-7654321,Maybank,12345678,23456789,910707123456,Halimah Binti,900505028901,Mother,014-6789012,4 years in Finance,2018-11-01,,Employee,Accounting,2800,,,,,,,,,
Maya,Chen,930606144567,maya.chen,Ch3n!93,Unlocked,Human Resource Officer,1993-06-06,Chinese,Buddhist,Shah Alam,mayachen@gmail.com,12 Jalan Subang,Female,Single,019-2345678,CIMB,56789012,67890123,930606144567,Li Chen,920505037890,Father,017-8765432,3 years in Recruitment,2020-05-15,,HR Officer,HR,2900,,,,,,,,,
Farah,Abdullah,890909156789,farah.abdullah,F@rah89,Unlocked,Payroll Officer,1989-09-09,Malay,Muslim,Kuching,farahabdullah@gmail.com,23 Jalan Bako,Female,Married,014-5678901,RHB,67890123,78901234,890909156789,Ahmed Abdullah,930606144567,Husband,019-1234567,6 years in Payroll,2017-03-01,,Payroll Officer,Payroll,3100,,,,,,,,,
Rashid,Ali,920505137890,rashid.ali,R@sh1d92,Locked,System Administrator,1992-05-05,Malay,Muslim,Putrajaya,rashidali@gmail.com,45 Jalan Pahlawan,Male,Single,017-3456789,Maybank,89012345,67890123,920505137890,Farah Ali,940909128901,Wife,014-6789012,4 years in IT Operations,2019-04-01,,System Administrator,IT,3400,,,,,,,,,
Siti,Fatimah,930707045678,siti.fatimah,SiTi93,Unlocked,Junior Employee,1993-07-07,Malay,Muslim,Alor Setar,sitifatimah@gmail.com,56 Jalan Tunku,Female,Married,017-4567890,RHB,12345678,23456789,930707045678,Ahmad Fatimah,920505037890,Father,019-8765432,2 years in Admin Support,2021-01-01,,Junior Employee,Admin,2500,,,,,,,,,
Jamal,Azad,880505167890,jamal.azad,J@maL88,Unlocked,Department Manager,1988-05-05,Malay,Muslim,Seremban,jamalazad@gmail.com,67 Jalan Keluang,Male,Married,014-5678901,CIMB,67890123,78901234,880505167890,Zainab Azad,900606037890,Wife,012-3456789,7 years in Sales Management,2016-06-01,,Department Manager,Sales,5000,,,,,,,,,
Nora,Ishak,940606145678,nora.ishak,Nor@94,Locked,Employee,1994-06-06,Malay,Muslim,Kuala Lumpur,noraishak@gmail.com,98 Jalan Wilayah,Female,Single,019-8765432,Public Bank,56789012,67890123,940606145678,Ali Ishak,910505034567,Father,017-1234567,5 years in Customer Service,2018-10-01,,Employee,Customer Service,2700,,,,,,,,,
Mariam,Binti,920909128901,mariam.binti,M@riam92,Unlocked,Human Resource Officer,1992-09-09,Malay,Muslim,Malacca,mariambinti@gmail.com,23 Jalan Merdeka,Female,Married,014-6789012,RHB,89012345,67890123,920909128901,Abdul Rahman,930606144567,Husband,019-3456789,6 years in Recruitment,2017-06-01,,HR Officer,HR,3100,,,,,,,,,
Nabilah,Hassan,880808067890,nabilah.hassan,N@biL@88,Locked,System Administrator,1988-08-08,Malay,Muslim,Klang,nabilahhassan@gmail.com,89 Jalan Anggerik,Female,Married,017-8765432,Maybank,12345678,34567890,880808067890,Aziz Hassan,940909128901,Husband,012-3456789,4 years in IT Support,2019-02-01,,System Administrator,IT,3300,,,,,,,,,
Mikael,Chan,920808055432,mikael.chan,M!k@el92,Unlocked,Payroll Officer,1992-08-08,Chinese,Christian,Ipoh,mikaelchan@gmail.com,34 Jalan Raja,Female,Single,014-6789012,CIMB,67890123,45678901,920808055432,Helen Chan,880808067890,Mother,017-6543210,3 years in Payroll,2020-09-01,,Payroll Officer,Payroll,2900,,,,,,,,,
Diana,Lee,930101056789,diana.lee,D!@na93,Unlocked,Employee,1993-01-01,Chinese,Christian,Kuala Lumpur,dianalee@gmail.com,45 Jalan Mahkota,Female,Single,017-3456789,Public Bank,23456789,67890123,930101056789,Tom Lee,890909167890,Father,014-6789012,2 years in Sales,2021-05-01,,Junior Employee,Sales,2600,,,,,,,,,
Amir,Mustafa,940707067890,amir.mustafa,Am1r94,Locked,Human Resource Officer,1994-07-07,Malay,Muslim,Kota Kinabalu,amirmustafa@gmail.com,23 Jalan Pelabuhan,Male,Single,019-4567890,Maybank,56789012,67890123,940707067890,Farah Mustafa,920808055432,Wife,017-1234567,4 years in HR,2019-03-01,,HR Officer,HR,3200,,,,,,,,,
